target,bin,count,mean_predicted,observed_rate,gap,subset
home_win,0.0-0.1,154,0.07716605928797514,0.08441558441558442,0.007249525127609277,tum_maclar
home_win,0.1-0.2,593,0.15296752515787615,0.16020236087689713,0.007234835719020977,tum_maclar
home_win,0.2-0.3,1126,0.25486155548815176,0.2753108348134991,0.020449279325347347,tum_maclar
home_win,0.3-0.4,1705,0.3506127834564593,0.3419354838709677,-0.008677299585491571,tum_maclar
home_win,0.4-0.5,1655,0.4515575167706149,0.427190332326284,-0.02436718444433089,tum_maclar
home_win,0.5-0.6,1519,0.5467623871909303,0.5200789993416721,-0.026683387849258167,tum_maclar
home_win,0.6-0.7,810,0.6454535191737168,0.6283950617283951,-0.01705845744532175,tum_maclar
home_win,0.7-0.8,618,0.7487877785913232,0.7071197411003236,-0.041668037490999565,tum_maclar
home_win,0.8-0.9,317,0.839825773468529,0.8201892744479495,-0.019636499020579512,tum_maclar
home_win,0.9-1.0,22,0.9150816725939552,0.9090909090909091,-0.00599076350304617,tum_maclar
draw,0.0-0.1,115,0.08456561763079432,0.11304347826086956,0.02847786063007525,tum_maclar
draw,0.1-0.2,1494,0.16171746629107794,0.1713520749665328,0.009634608675454848,tum_maclar
draw,0.2-0.3,6777,0.2556184733646538,0.2695883134130146,0.013969840048360771,tum_maclar
draw,0.3-0.4,133,0.30658877681693164,0.3308270676691729,0.024238290852241273,tum_maclar
away_win,0.0-0.1,757,0.06544033530043723,0.071334214002642,0.005893878702204772,tum_maclar
away_win,0.1-0.2,1545,0.1555823637928879,0.17540453074433657,0.019822166951448672,tum_maclar
away_win,0.2-0.3,2235,0.24745286133136432,0.25727069351230425,0.009817832180939928,tum_maclar
away_win,0.3-0.4,1651,0.3484631910611486,0.3464566929133858,-0.0020064981477627697,tum_maclar
away_win,0.4-0.5,1157,0.445544673982003,0.43042350907519444,-0.015121164906808537,tum_maclar
away_win,0.5-0.6,615,0.5446961320214662,0.5121951219512195,-0.03250101007024664,tum_maclar
away_win,0.6-0.7,319,0.6486746493743493,0.6175548589341693,-0.031119790440179984,tum_maclar
away_win,0.7-0.8,197,0.7433290708681588,0.7106598984771574,-0.03266917239100142,tum_maclar
away_win,0.8-0.9,43,0.8207047817635991,0.7674418604651163,-0.05326292129848276,tum_maclar
top_label,0.3-0.4,1247,0.3796303073611106,0.3913392141138733,0.011708906752762704,tum_maclar
top_label,0.4-0.5,2812,0.449083527045713,0.42852062588904694,-0.02056290115666609,tum_maclar
top_label,0.5-0.6,2134,0.5461669106542759,0.5178069353327085,-0.02835997532156742,tum_maclar
top_label,0.6-0.7,1129,0.6463636525076422,0.62533215234721,-0.021031500160432204,tum_maclar
top_label,0.7-0.8,815,0.7474683118165215,0.7079754601226994,-0.039492851693822106,tum_maclar
top_label,0.8-0.9,360,0.8375418772371069,0.8138888888888889,-0.02365298834821805,tum_maclar
top_label,0.9-1.0,22,0.9150816725939552,0.9090909090909091,-0.00599076350304617,tum_maclar
home_win,0.0-0.1,3,0.06421807013542231,0.0,-0.06421807013542231,uefa_tumu
home_win,0.1-0.2,59,0.15784946307412626,0.2542372881355932,0.09638782506146695,uefa_tumu
home_win,0.2-0.3,130,0.2505953896128778,0.2076923076923077,-0.0429030819205701,uefa_tumu
home_win,0.3-0.4,167,0.34999588852490854,0.3532934131736527,0.0032975246487441656,uefa_tumu
home_win,0.4-0.5,117,0.4462748038373967,0.41025641025641024,-0.03601839358098646,uefa_tumu
home_win,0.5-0.6,167,0.5500610119793526,0.592814371257485,0.0427533592781324,uefa_tumu
home_win,0.6-0.7,144,0.6491330842394596,0.6666666666666666,0.01753358242720704,uefa_tumu
home_win,0.7-0.8,95,0.7510561904707176,0.7157894736842105,-0.03526671678650706,uefa_tumu
home_win,0.8-0.9,43,0.8308889233770214,0.8604651162790697,0.02957619290204838,uefa_tumu
home_win,0.9-1.0,2,0.9244035518352802,1.0,0.07559644816471978,uefa_tumu
draw,0.0-0.1,13,0.08617368716873966,0.07692307692307693,-0.009250610245662733,uefa_tumu
draw,0.1-0.2,293,0.16623178792866425,0.14675767918088736,-0.019474108747776886,uefa_tumu
draw,0.2-0.3,621,0.23175784462100232,0.2109500805152979,-0.020807764105704424,uefa_tumu
away_win,0.0-0.1,90,0.06911024359795508,0.05555555555555555,-0.013554688042399524,uefa_tumu
away_win,0.1-0.2,204,0.15034977082409617,0.17647058823529413,0.026120817411197955,uefa_tumu
away_win,0.2-0.3,203,0.24427155812183557,0.3103448275862069,0.06607326946437134,uefa_tumu
away_win,0.3-0.4,151,0.3547894795281861,0.33112582781456956,-0.023663651713616562,uefa_tumu
away_win,0.4-0.5,125,0.44636205035466436,0.504,0.05763794964533564,uefa_tumu
away_win,0.5-0.6,100,0.5438906978941334,0.53,-0.01389069789413333,uefa_tumu
away_win,0.6-0.7,43,0.6451721804614184,0.5581395348837209,-0.08703264557769752,uefa_tumu
away_win,0.7-0.8,9,0.7285100039109751,0.5555555555555556,-0.1729544483554195,uefa_tumu
away_win,0.8-0.9,2,0.8539566435675876,1.0,0.1460433564324124,uefa_tumu
top_label,0.3-0.4,80,0.3869365758305749,0.425,0.0380634241694251,uefa_tumu
top_label,0.4-0.5,242,0.44631986918722505,0.45867768595041325,0.0123578167631882,uefa_tumu
top_label,0.5-0.6,267,0.547750032921218,0.5692883895131086,0.021538356591890517,uefa_tumu
top_label,0.6-0.7,187,0.6482222881835464,0.6417112299465241,-0.00651105823702236,uefa_tumu
top_label,0.7-0.8,104,0.7491050781722783,0.7019230769230769,-0.047182001249201466,uefa_tumu
top_label,0.8-0.9,45,0.831914155385491,0.8666666666666667,0.034752511281175735,uefa_tumu
top_label,0.9-1.0,2,0.9244035518352802,1.0,0.07559644816471978,uefa_tumu
