engine,k,uefa_k_mult,market_weight,mse_domestic,mse_uefa,objective
elo,10.0,3.0,0.0,0.1579678925258452,0.15540150738758227,0.15668469995671375
elo,10.0,2.0,0.0,0.15756466326251975,0.15599830744251678,0.15678148535251826
elo,15.0,2.0,0.0,0.15785144001244183,0.15571659569363036,0.15678401785303608
elo,7.5,3.0,0.0,0.1580329783304453,0.1555961325564618,0.15681455544345355
elo,7.5,4.0,0.0,0.15845073252253547,0.1553787094894436,0.15691472100598952
elo,10.0,4.0,0.0,0.15847921623790945,0.15591970686936266,0.15719946155363607
elo,5.0,4.0,0.0,0.15873232380326502,0.1558927146295826,0.1573125192164238
elo,7.5,2.0,0.0,0.15770145623051704,0.1569347548536471,0.1573181055420821
elo,15.0,3.0,0.0,0.15840317627015887,0.1564676308639634,0.15743540356706115
elo,20.0,2.0,0.0,0.1585482292347278,0.15641298464932707,0.15748060694202742
elo,5.0,6.0,0.0,0.1595005293944296,0.1555055231135727,0.15750302625400114
elo,15.0,1.0,0.0,0.1575156065599084,0.15761781146507856,0.15756670901249348
elo,20.0,1.0,0.0,0.158117327991094,0.1571242641662282,0.15762079607866109
elo,5.0,3.0,0.0,0.15841073621783028,0.15688534500976234,0.1576480406137963
elo,7.5,6.0,0.0,0.15946823604429733,0.15656917349625335,0.15801870477027535
elo,10.0,1.0,0.0,0.15731992565219388,0.15912828910759394,0.1582241073798939
elo,5.0,2.0,0.0,0.15815369605927695,0.15893094148530731,0.15854231877229213
elo,15.0,4.0,0.0,0.15911188218830366,0.15840757581204598,0.15875972900017482
elo,20.0,3.0,0.0,0.15925604348724906,0.1584903591786889,0.15887320133296898
elo,7.5,1.0,0.0,0.15750416899354658,0.16065291181865451,0.15907854040610053
elo,10.0,6.0,0.0,0.15974708722468264,0.1586029045734167,0.15917499589904965
elo,5.0,1.0,0.0,0.15800918559083296,0.1631773784044646,0.16059328199764877
elo,20.0,4.0,0.0,0.1601661742106091,0.1616737358828723,0.1609199550467407
elo,15.0,6.0,0.0,0.16087561704359313,0.1637918156052948,0.16233371632444396
elo,20.0,6.0,0.0,0.1624222844792486,0.16984980331832475,0.16613604389878667
market,10.0,3.0,0.5,0.15724931803194037,0.155022584574222,0.15613595130308117
market,10.0,3.0,0.75,0.1574282512223273,0.1550459837038813,0.1562371174631043
market,15.0,3.0,0.75,0.15700648029753017,0.155746649367325,0.15637656483242757
market,15.0,3.0,0.5,0.15699573984700207,0.15581959719127833,0.1564076685191402
market,10.0,3.0,1.0,0.1580873371911633,0.15527351075851392,0.1566804239748386
market,15.0,3.0,1.0,0.15765071780379822,0.15588886408404828,0.15676979094392324
market,20.0,3.0,0.75,0.15692552234292986,0.15747702153730472,0.1572012719401173
market,20.0,3.0,0.5,0.1571014321457494,0.15761203926833467,0.15735673570704203
market,5.0,3.0,0.5,0.15829962866084946,0.15679589598076452,0.15754776232080697
market,20.0,3.0,1.0,0.15753583124495005,0.1575890869449487,0.15756245909494937
market,5.0,3.0,0.75,0.1586318858791921,0.15692961153843998,0.15778074870881603
market,5.0,3.0,1.0,0.1592862704141531,0.15720864286644146,0.15824745664029727
market,30.0,3.0,0.75,0.15725141590297453,0.16208515303364435,0.15966828446830944
market,30.0,3.0,1.0,0.1577606206837439,0.16219027394578492,0.15997544731476443
market,30.0,3.0,0.5,0.1578482666903605,0.1622939256908265,0.1600710961905935
