round,group,objective,cv_log_loss,cv_uefa_log_loss,added
0,base,0.9668639302253723,0.988086998462677,0.9456408619880676,True
1,market,0.9670087993144989,0.9880017638206482,0.9460158348083496,False
1,shots,0.9640798568725586,0.9846003651618958,0.9435593485832214,False
1,form,0.966189831495285,0.9871487617492676,0.9452309012413025,False
1,squad_value,0.9626777768135071,0.9859329462051392,0.939422607421875,False
1,xi_value,0.9629107415676117,0.9850869178771973,0.9407345652580261,False
1,lines,0.962437629699707,0.98503577709198,0.9398394823074341,True
1,production,0.9663058221340179,0.9878330230712891,0.9447786211967468,False
1,goals_form,0.966621607542038,0.9866172075271606,0.9466260075569153,False
1,rest,0.9665073454380035,0.9881101250648499,0.9449045658111572,False
1,experience,0.9666644930839539,0.9879605174064636,0.9453684687614441,False
1,continuity,0.9656257331371307,0.9880061745643616,0.9432452917098999,False
2,market,0.9624778032302856,0.9852572083473206,0.9396983981132507,False
2,shots,0.9618301391601562,0.9833467602729797,0.9403135180473328,True
2,form,0.9624168574810028,0.9845429062843323,0.9402908086776733,False
2,squad_value,0.9625583589076996,0.985297441482544,0.9398192763328552,False
2,xi_value,0.9627991318702698,0.9850130677223206,0.940585196018219,False
2,production,0.9629360437393188,0.9856905937194824,0.9401814937591553,False
2,goals_form,0.9621487855911255,0.9838554263114929,0.9404421448707581,False
2,rest,0.9628955721855164,0.9852280020713806,0.9405631422996521,False
2,experience,0.9628164172172546,0.9858248233795166,0.9398080110549927,False
2,continuity,0.962732344865799,0.985340416431427,0.9401242733001709,False
3,market,0.9614967405796051,0.9834863543510437,0.9395071268081665,False
3,form,0.9614571034908295,0.9826996326446533,0.9402145743370056,True
3,squad_value,0.9617158472537994,0.9831603169441223,0.9402713775634766,False
3,xi_value,0.9615837335586548,0.9827781915664673,0.9403892755508423,False
3,production,0.9619866013526917,0.9831956028938293,0.940777599811554,False
3,goals_form,0.9615690410137177,0.9824217557907104,0.9407163262367249,False
3,rest,0.9617438018321991,0.9828716516494751,0.9406159520149231,False
3,experience,0.9621500074863434,0.9837930202484131,0.9405069947242737,False
3,continuity,0.9616657197475433,0.9831024408340454,0.9402289986610413,False
4,market,0.9609922170639038,0.9826233983039856,0.939361035823822,True
4,squad_value,0.9614436328411102,0.9826183915138245,0.940268874168396,False
4,xi_value,0.9616744220256805,0.9822482466697693,0.9411005973815918,False
4,production,0.9618651270866394,0.9828960299491882,0.9408342242240906,False
4,goals_form,0.9615548849105835,0.9824984669685364,0.9406113028526306,False
4,rest,0.9613945186138153,0.9827162027359009,0.9400728344917297,False
4,experience,0.9614090621471405,0.9828712940216064,0.9399468302726746,False
4,continuity,0.9616653919219971,0.9828278422355652,0.940502941608429,False
5,squad_value,0.9618414640426636,0.9827869534492493,0.9408959746360779,False
5,xi_value,0.960921972990036,0.9821415543556213,0.9397023916244507,False
5,production,0.9614413380622864,0.9828864932060242,0.9399961829185486,False
5,goals_form,0.9611427485942841,0.982050359249115,0.9402351379394531,False
5,rest,0.9613867998123169,0.982508659362793,0.9402649402618408,False
5,experience,0.9607340395450592,0.9824883937835693,0.9389796853065491,False
5,continuity,0.9614799320697784,0.9826502799987793,0.9403095841407776,False
