learning_rate,max_depth,min_child_weight,colsample_bytree,reg_lambda,half_life,objective,cv_log_loss,cv_uefa_log_loss,iterations
0.03,5,100,0.8,2.0,4.0,0.9606010019779205,0.9824098944664001,0.9387921094894409,"[147, 198, 224, 258]"
0.03,3,20,0.8,10.0,,0.9607518911361694,0.9824020862579346,0.9391016960144043,"[235, 671, 975, 661]"
0.03,4,100,0.8,2.0,,0.9609014093875885,0.9824699759483337,0.9393328428268433,"[160, 347, 419, 317]"
0.03,5,20,0.6,2.0,8.0,0.9609798192977905,0.9824121594429016,0.9395474791526794,"[134, 167, 390, 211]"
0.03,3,20,0.8,2.0,8.0,0.9611296057701111,0.9824998378753662,0.939759373664856,"[251, 571, 771, 518]"
0.03,4,20,0.8,10.0,,0.9611331224441528,0.9826235175132751,0.9396427273750305,"[162, 347, 546, 398]"
0.03,5,50,0.8,2.0,,0.9611378908157349,0.9828848838806152,0.9393908977508545,"[128, 239, 297, 275]"
0.03,4,20,0.8,2.0,,0.9612013697624207,0.9825381636619568,0.9398645758628845,"[170, 346, 433, 276]"
0.03,5,20,0.8,2.0,,0.9612772464752197,0.9826949238777161,0.9398595690727234,"[143, 239, 350, 217]"
0.03,3,50,0.8,10.0,,0.961299866437912,0.9826762676239014,0.9399234652519226,"[259, 620, 967, 684]"
